chr	pos	putative_genotype	posterior_probability	n_reads
1	chr1:1000000-2000000	172741	AT	0.720219947497091	4
2	chr1:1000000-2000000	325026	CC	0.738115483526769	6
3	chr1:1000000-2000000	375797	AT	0.819263314025393	2
4	chr1:1000000-2000000	423797	TT	0.997128000661477	5
5	chr1:1000000-2000000	518726	CC	0.647844937952585	3
6	chr1:1000000-2000000	568632	AT	0.910556809574345	2
7	chr1:1000000-2000000	868896	TA	0.986151504829259	5
